search_hashtags,vader_compound
#actonclimate,0.23173630606860168
#bushfires,-0.061686429365962164
#climateaction,0.2375486202571334
#climatechange,0.08236507720815255
#climatecrisis,0.06025947410678451
#climatestrike,0.14060683192590517
#environment,0.26071569211141743
#fridaysforfuture,0.1517728439763005
#globalwarming,0.0719402215799613
#greennewdeal,0.1719696012203097
#savetheplanet,0.1665880753138075
#sustainability,0.33733177892918853
